epoch,loss,accuracy
0,2.301858912607667,0.1
1,2.2997625466364964,0.1
2,2.2977480903552596,0.1
3,2.295546071544574,0.1021
4,2.2929092303962464,0.1128
