epoch,loss,accuracy
0,2.3015912049894878,0.1059
1,2.300052219135746,0.1117
2,2.298495869727651,0.1366
3,2.2967291728706116,0.1525
4,2.2947076718518686,0.1617
